UPC_Code,Item_Name,Quant_Sold,Current_Quantity_On_Hand,Current_Quantity_On_Order,Rental_Available,Vendor_ID,Book_Store_ID,Price
11512509,NEW FLUID POWER ENGINEERING,2,1,0,Yes,V01,B001,194
11019695,INFRASTRUCTURE PLANNING HANDBOOK,0,3,0,Yes,V01,B001,236
10225723,DESIGN OF ANALOG CMOS INTEGRATED CIRC.,1,0,0,No,V01,B001,103
10634571,MIDDLE+SECONDARY CLASSROOM MANAGEMENT,1,15,0,Yes,V01,B001,214
10631619,NEW C PROGRAMMING LANGUAGE (ANSI C),5,12,0,Yes,V02,B001,171
10349836,NEW ManageFirst: Purchasing w/ Online Exam Voucher,1,13,0,Yes,V02,B001,218
10741553,NEW Self-Paced Phonics: A Text for Educators,5,7,0,Yes,V02,B001,166
11033277,NEW Introduction to Data Mining (Revised),1,3,0,Yes,V02,B001,219
10340495,NEW Elements of the Nature and Properties of Soils,8,24,0,Yes,V02,B001,109
11380349,NEW ENTREPRENEURSHIP+EFFECT.SMALL BUS..(LL),0,2,0,Yes,V02,B001,94
10255651,NEW SOCIAL STUDIES+YOUNG CHILD,2,7,0,Yes,V02,B001,245
11908150,NEW 50 SOCIAL STUDIES STRATEGIES FOR K-8 CLA,2,6,0,Yes,V02,B001,44
10750955,NEW APPLIED STATICS+STRENGTH OF MATERIALS,10,13,0,Yes,V02,B001,72
11598964,NEW * INTRO CONTEMP GEOGRPHY&MOD MSTRGGEO ET,6,4,0,No,V02,B001,220
11971697,NEW SOCIAL STUDIES IN ELEMENTARY EDUCATION,2,6,0,Yes,V02,B001,113
11817885,NEW Engineering Mechanics: Statics Loose-Leaf,15,0,5,No,V02,B001,164
10958693,NEW REVEL F/A WORLD OF ART-ACCESS,8,3,0,No,V02,B001,143
10076872,NEW LAW ENFORCEMENT IN THE 21ST CENTURY,6,2,0,Yes,V02,B001,188
10625392,"NEW Phonics, Phonemic Awareness, and World Analysis for Teachers: An Interactive Toutorial",9,16,0,No,V02,B001,45
11371101,NEW TRANSPORT PROCESSES+SEPARATION PROC...,2,8,0,Yes,V02,B001,195
10616474,NEW TRENDS+ISSUES IN INSTRUCT.DESIGN+TECH.,1,0,0,Yes,V02,B001,75
11812137,NEW CHECK-IN CHECK-OUT,0,0,0,Yes,V02,B001,124
11723855,NEW INFANT+TODDLER DEV.+RESPONSIVE...-TEXT,1,4,0,Yes,V02,B001,171
10296313,"NEW OPTIONS,FUTURES,+OTHER DERIVATIVES",1,0,0,Yes,V02,B001,228
10142863,NEW INTRO.TO NUCLEAR ENGINEERING,1,8,0,Yes,V02,B001,146
10513237,"NEW THOMAS'CALCULUS,MULTIVARIABLE",3,5,0,Yes,V02,B001,164
10837556,NEW STRUCTURAL ANALYSIS,0,12,0,Yes,V02,B001,207
10870009,NEW FUND.OF COMPLEX ANAL.F/MATH..(CLASSIC),0,6,0,Yes,V02,B001,142
10970590,NEW TEACHING CHILDREN TO READ,3,16,0,Yes,V02,B001,103
11203606,SUPPLY CHAIN MANAGEMENT,0,5,0,Yes,V02,B001,45
10707659,NEW FIRST COURSE IN PROBABILITY,5,10,0,Yes,V02,B001,103
10121343,NEW INTRO.TO COMMUNICATION DISORDERS-TEXT,5,6,20,Yes,V02,B001,198
10524995,ELEMENTARY+MID.SCHOOL MATH,0,8,0,Yes,V02,B001,55
11094805,EDUCATIONAL ASSESSMENT OF STUDENTS,2,39,0,Yes,V02,B001,235
10104180,CHEMICAL PROCESS SAFETY,4,53,0,Yes,V02,B001,61
10189673,LINEAR ALGEBRA,3,9,0,Yes,V02,B001,75
11366928,NEW HELPING YOUNG CHILDREN LEARN LANG&LITERA,1,7,0,Yes,V02,B001,93
10443769,NEW ENGINEERING ECONOMY,6,17,0,Yes,V02,B001,150
10861089,NEW Essentials of Oceanography,2,13,0,Yes,V02,B001,162
10366461,NEW CALCULUS:EARLY TRANSCEND.(LOOSE-LEAF)-W/,163,252,0,No,V02,B001,219
11998905,NEW ESSENTIAL ENVIRONMENT (LOOSE)-W/ACCESS,15,39,0,No,V02,B001,140
10202402,NEW COLLEGE PHYSICS (LL)-W/MOD.MASTERING,2,8,0,No,V02,B001,229
11297961,"NEW CORE JAVA V.II,ADVANCED FEATURES",0,1,0,Yes,V02,B001,70
10555590,NEW The Law and Special Education,2,11,0,Yes,V02,B001,199
10223686,COLLEGE PHYSICS VOL 1+2 LOOSE-LEAF BOOK W/MODIFIED MASTERING PHYSICS ACCESS CODE,32,10,0,No,V02,B001,216
11145783,NEW Standalone REVEL Access Code for Marketing for Hospitality and Tourism,5,0,0,No,V02,B001,181
10028504,NEW COLLEGE PHYSICS VOL 1 W/MODMSTRPHYSICS,26,23,0,No,V02,B001,80
10240968,NEW ENGINEERING GRAPH.W/AUTOCAD 2020,1,9,0,Yes,V02,B001,241
10227048,NEW ESSENTIALS OF OCEANOGRAPHY ETEXT,3,8,0,No,V02,B001,184
10696972,NEW 2019 MYLAB ENTREPRENEURSHIP ACCESS CARD,5,17,0,No,V02,B001,243
11195491,NEW IEPs: Guide to Writing Individualized Education Programs,1,44,0,Yes,V02,B001,106
10113881,NEW MODERN CONTROL ENGINEERING,2,26,0,Yes,V02,B001,160
11165718,NEW LOOSE-LEAF DIFF EQ & LINEAR ALG. W/MYLAB,8,27,0,No,V02,B001,125
11354551,NEW Adobe Illustrator Classroom in a Book (2021 Release),2,6,0,Yes,V02,B001,58
10183653,NEW Adobe InDesign Classroom in a Book (2021 Release),1,3,0,Yes,V02,B001,101
10024286,NEW SIGNALS+SYSTEMS (CLOTH),2,15,0,Yes,V02,B001,38
10668468,NEW ELEMENTS OF STYLE,3,7,0,Yes,V02,B001,107
10145425,NEW ALGORITHMS,2,3,0,Yes,V02,B001,42
11529821,NEW ADVANCED PROG.IN UNIX ENVIRONMENT,1,2,0,Yes,V02,B001,102
10342454,NEW MODIFIED MASTERING GEOGRAPHY W/ PEARSON,4,12,0,No,V02,B001,138
10801491,NEW Introduction to Agile Methods,1,3,0,Yes,V02,B001,148
11140043,NEW ORGANIC CHEMISTRY,0,0,0,Yes,V02,B001,240
10489638,NEW PYTHON ESSENTIAL REFERENCE,1,-1,0,Yes,V02,B001,141
10459938,NEW FIVE EASY LESSONS:...PHYSICS TEACHING,1,0,0,No,V02,B001,176
10980953,FUNDAMENTALS OF AERODYNAMICS,7,27,0,Yes,V01,B001,173
10326554,AIRCRAFT POWERPLANTS,1,29,0,Yes,V01,B001,140
11789106,CASARETT & DOULL'S TOXICOLOGY,0,4,0,Yes,V01,B001,78
11351780,NEW Standalone Connect Access for Technology Ventures: From Idea to Enterprise w/ eBook,1,14,0,No,V01,B001,188
10383808,SCHAUM'S OUTLINES:ELECTROMAGNETICS,6,8,0,Yes,V01,B001,80
11938993,NEW Water and Wastewater Engineering: Design Principles and Practice,1,10,0,Yes,V01,B001,136
11055740,AIRPORT PLANNING+MANAGEMENT,1,-1,0,Yes,V01,B001,109
11037810,ENGINEERING ECONOMY W/CONNECT CUSTOM (LOOSE-LEAF),4,11,0,No,V01,B001,118
10483456,ENGINEERING ECONOMY CONNECT CODE (CUSTOM),4,21,0,No,V01,B001,53
10588184,MECHANICS OF MATERIALS-CONNECT ACCESS,3,25,0,No,V01,B001,220
11932682,WARDLAW'S CONTEMP.NUTRITION:FUNC...(LOOSE-LEAF),1,-5,0,Yes,V01,B001,129
11431556,CHEMISTRY:MOLECULAR NATURE OF...(LL),9,-11,0,No,V01,B001,215
10018451,NEW Loose-Leaf Natural Disasters with Connect Access Code,9,8,0,Yes,V01,B001,73
11687885,CHEMISTRY LL W/CONNECT,1,1,0,No,V01,B001,174
10558255,STANDALONE CONNECT FOR AVANCE,26,32,0,No,V01,B001,147
10723688,AVANCE LL W/CONNECT & LEARNSMART,12,27,0,No,V01,B001,142
10329816,NEW Standalone Access for Microsoft Excel 365 Complete: In Practice with SIMnet Excel 365 2019 Version and eBook,4,21,0,No,V01,B001,178
11233176,LOOSE-LEAF SHIGLEY'S MECHANICAL ENGINEERING DESIGN,9,60,0,Yes,V01,B001,131
11078753,NEW Standalone Connect Access for Intimate Relationships,5,11,0,No,V01,B001,219
11434218,NEW Loose-Leaf Atoms First with Connect Access Code,46,104,0,No,V01,B001,139
10655020,STANDALONE ACCESS FOR PROJECT MANAGEMENT (1 YEAR CODE),11,28,0,No,V01,B001,100
11519890,NEW STANDALONE CONNECT FOR ANATOMY & PHYSIOL,111,90,0,No,V01,B001,229
10665662,LOOSE LEAF MANAGERIAL ACCOUNTING WITH CONNECT ACCESS,25,24,0,No,V01,B001,184
10813470,STANDALONE CONNECT FOR MANAGERIAL ACCOUNTING,22,23,0,No,V01,B001,139
10055773,STANDALONE CONNECT FOR CONTEMPORARY ADVERTISING,17,8,0,No,V01,B001,64
11788822,CHEMISTRY LOOSELEAF,377,569,0,No,V01,B001,140
10779738,NEW Standalone Connect Access Code for Biology,53,197,0,No,V01,B001,39
10370727,NEW Standalone Connect Access Code for Natural Disasters w/eBook,29,11,0,No,V01,B001,201
11562255,NEW Fundamentals of Corporate Finance Loose-Leaf w/ Connect Access Code,13,33,0,No,V01,B001,144
10969081,"NEW Loose-Leaf Marriages and Families: Intimacy, Diversity, and Strengths with Connect Access Card",6,18,0,No,V01,B001,97
10094030,Standalone Connect Access Card for Marketing with eBook,9,41,0,No,V01,B001,36
11607273,NEW Standalone Connect Access for Mirror for Humanity w/eBook,3,12,0,No,V01,B001,120
11273620,"NEW Standalone Connect for Marriages and Families: Intimacy, Diversity, and Strengths",16,14,0,No,V01,B001,148
11985917,NEW Standalone Connect for Accounting for Governmental and Nonprofit Entities,5,5,0,No,V01,B001,63
11330762,STANDALONE CONNECT FOR UNDERSTANDING BUSINESS: CORE,17,23,0,No,V01,B001,179
10474519,Standalone Connect Access for Atoms First,53,97,0,No,V01,B001,218
11208429,NEW Standalone Connect Access for Customer Service: Skills for Success w/ eBook,14,6,0,No,V01,B001,119
10078775,NEW Loose-Leaf Financial Accounting with Connect Access Card,37,122,0,No,V01,B001,197
10155295,NEW Standalone Connect Access Card for Financial Accounting with eBook,64,52,0,No,V01,B001,59
10437919,NEW Standalone Connect Access for Foundations of Financial Management w/ eBook,6,19,0,No,V01,B001,205
11511551,NEW Loose-Leaf Mirror for Humanity with Connect Access Code,5,21,0,No,V01,B001,63
10657250,NEW Standalone Connect for Fundamentals of Corporate Finance w/ eBook,65,15,0,No,V01,B001,195
11877022,NEW Standalone Connect Access Code for Experience Psychology,79,90,0,No,V01,B001,149
10335544,NEW Standalone Connect Access Code for Business Analytics w/eBook,6,14,0,No,V01,B001,55
10619903,Standalone Connect Access for Human Resource Management w/eBook,15,15,0,No,V01,B001,193
11786462,NEW Standalone Connect Access Card for Taxation of Individuals and Business Entities 2023 Edition,11,9,0,No,V01,B001,162
11170423,Standalone ALEKS Access Code for Chemistry w/eBook,104,46,0,No,V01,B001,215
10216464,NEW Standalone Connect Access for Corporate Finance w/ eBook,5,10,0,No,V01,B001,83
10949144,NEW MET Thermodynamics,55,13,0,No,V01,B001,217
11874265,NEW Thermal Sciences,1,2,0,Yes,V01,B001,212
11367978,NEW CE 311 Architectural Engineering,1,5,0,Yes,V01,B001,137
10106714,NEW Transformative Texts: Cornerstone Readings 2022-2023,25,75,0,Yes,V01,B001,195
10152039,USED Reason in History,3,7,0,Yes,V02,B001,181
10365278,USED Mechanical Metallurgy,1,5,0,Yes,V01,B001,193
10233840,USED Algorithms,2,3,0,Yes,V01,B001,163
11499178,USED Fundamental Methods of Mathematical Economics,0,1,0,Yes,V01,B001,151
10358828,USED Spin Selling,4,11,0,Yes,V01,B001,41
10856469,USED The Elusive Fan: Reinventing Sports in a Crowded Marketplace,3,17,0,Yes,V01,B001,225
10119609,USED Engineering Design,2,3,0,Yes,V01,B001,83
10980184,USED Self-Paced Phonics: A Text for Educators,8,5,0,Yes,V02,B001,211
11040543,USED Elements of the Nature and Properties of Soils,3,13,0,Yes,V02,B001,166
11771172,USED Excursions in Modern Mathematics,0,10,0,Yes,V02,B001,51
11922630,USED Macroeconomics,2,6,0,Yes,V02,B001,195
10094283,USED Biochemistry: Concepts and Connections,0,2,3,Yes,V02,B001,83
11224966,USED Applied Behavior Analysis,1,1,0,Yes,V02,B001,132
11484896,USED Essentials of Oceanography,4,6,1,Yes,V02,B001,186
10860190,USED The Law and Special Education,7,13,0,Yes,V02,B001,154
10045299,USED Elements of Chemical Reaction Engineering,2,10,0,Yes,V02,B001,74
11481660,USED IEPs: Guide to Writing Individualized Education Programs,3,-1,0,No,V02,B001,203
11820417,USED Adobe Illustrator Classroom in a Book (2021 Release),1,1,0,Yes,V02,B001,72
10330665,USED Adobe InDesign Classroom in a Book (2021 Release),1,5,0,Yes,V02,B001,170
10269227,USED C++ Primer Plus,1,4,0,Yes,V02,B001,61
10194227,USED Water and Wastewater Engineering: Design Principles and Practice,1,0,0,No,V01,B001,87
10606609,USED Learn Aspen Plus in 24 Hours,1,9,0,Yes,V01,B001,226
11848203,USED Thermal Sciences,1,4,0,Yes,V01,B001,53
11982097,USED CE 311 Architectural Engineering,2,4,0,Yes,V01,B001,64
1573310193,BLACK M MOON HOODIE,18,6,0,No,V03,B001,93
1573310194,BLACK L MOON HOODIE,27,0,0,No,V03,B001,87
1573310195,BLACK XL MOON HOODIE,21,5,0,No,V03,B001,64
1573310196,BLACK XXL HOON HOODIE,4,14,0,No,V03,B001,29
1573310391,Black XS Seal Hood,8,-2,0,No,V03,B001,31
1573310392,Black S Seal Hood,18,2,9,No,V03,B001,38
1573310393,Black M Seal Hood,26,2,30,No,V03,B001,68
1573310394,Black L Seal Hood,32,2,0,No,V03,B001,77
1573310395,Black XL Seal Hood,19,2,0,No,V03,B001,60
1573310396,Black XXL Seal Hood,6,4,9,No,V03,B001,76
1573310401,Oxford XS Seal Hood,7,8,0,No,V03,B001,83
1573310402,Oxford S Seal Hood,17,5,0,No,V03,B001,34
1573310403,Oxford M Seal Hood,39,6,0,No,V03,B001,55
1573310404,Oxford L Seal Hood,41,6,0,No,V03,B001,32
1573310405,Oxford XL Seal Hood,14,15,0,No,V03,B001,48
1573310406,Oxford XXL Seal Hood,5,12,0,No,V03,B001,60
1573310462,Black S Mars Hoodie,1,1,0,No,V03,B001,43
1573310463,Black M Mars Hoodie,25,1,0,No,V03,B001,85
1573310464,Black L Mars Hoodie,28,-4,0,No,V03,B001,56
1573310465,Black XL Mars Hoodie,17,3,0,No,V03,B001,89
1573310466,Black XXL Mars Hoodie,5,23,0,No,V03,B001,70
1573310467,Black XXXL Mars Hoodie,1,3,0,No,V03,B001,17
1573310491,Black XS Purdue University,1,-7,8,No,V03,B001,94
1573310492,Black S Purdue University,6,-3,17,No,V03,B001,97
1573310493,Black M Purdue University,10,-2,23,No,V03,B001,22
1573310494,Black L Purdue University,8,1,26,No,V03,B001,32
1573310495,Black XL Purdue University,10,1,17,No,V03,B001,79
1573310497,Black XXXL Purdue University,1,5,11,No,V03,B001,65
1573311671,VEGAS XS TWILL PURDUE UNIVERSITY,8,0,0,No,V03,B001,70
1573311672,VEGAS S TWILL PURDUE UNIVERSITY,18,2,0,No,V03,B001,85
1573311673,VEGAS M TWILL PURDUE UNIVERSITY,19,4,0,No,V03,B001,20
1573311674,VEGAS L TWILL PURDUE UNIVERSITY,13,4,0,No,V03,B001,61
1573311675,VEGAS XL TWILL PURDUE UNIVERSITY,14,0,0,No,V03,B001,49
1573311676,VEGAS XXL TWILL PURDUE UNIVERSITY,6,18,0,No,V03,B001,61
1573311681,CHARCOAL XS TWILL PURDUE,4,0,0,No,V03,B001,93
1573311682,GRAPHITE S TWILL PURDUE UNIVERSITY,15,-2,0,No,V03,B001,15
1573311683,GRAPHITE M TWILL PURDUE UNIVERSITY,18,1,0,No,V03,B001,75
1573311684,GRAPHITE L TWILL PURDUE UNIVERSITY,25,4,0,No,V03,B001,40
1573311685,GRAPHITE XL TWILL PURDUE UNIVERSITY,6,6,0,No,V03,B001,62
1573311687,GRAPHITE XXXL TWILL PURDUE UNIVERSITY,3,1,0,No,V03,B001,21
1573311851,WHITE XS TWILL PURDUE UNIVERSITY,1,0,0,No,V03,B001,22
1573311852,WHITE S TWILL PURDUE UNIVERSITY,23,7,0,No,V03,B001,99
1573311853,WHITE M TWILL PURDUE UNIVERSITY,27,1,0,No,V03,B001,69
1573311854,WHITE L TWILL PURDUE UNIVERSITY,22,0,0,No,V03,B001,74
1573311855,WHITE XL TWILL PURDUE UNIVERSITY,7,3,0,No,V03,B001,65
1573311856,WHITE XXL TWILL PURDUE UNIVERSITY,2,9,0,No,V03,B001,43
1573315154,Graphite L Griffin Hood,1,0,0,No,V03,B001,73
1573315157,Graphite XXXL Griffin Hood,1,0,0,No,V03,B001,80
8187310093,BLACK M PURDUE UNIVERSITY P,2,-1,0,No,V04,B001,64
8187310095,BLACK XL PURDUE UNIVERSITY P,2,0,4,No,V04,B001,80
8187310096,BLACK XXL PURDUE UNIVERSITY P,2,0,0,No,V04,B001,17
8187310103,OXFORD M PURDUE UNIVERSITY P,2,1,0,No,V04,B001,83
8187310105,OXFORD XL PURDUE UNIVERSITY P,2,0,0,No,V04,B001,70
8187310106,OXFORD XXL PURDUE UNIVERSITY P,1,1,0,No,V04,B001,77
8187310122,WHITE S PURDUE UNIVERSITY P,1,1,0,No,V04,B001,72
8187310125,WHITE XL PURDUE UNIVERSITY P,1,1,0,No,V04,B001,40
8187310126,WHITE XXL PURDUE UNIVERSITY P,7,5,0,No,V04,B001,15
8187310132,GRAPHITE S PURDUE UNIVERSITY P HARPER,2,-2,0,No,V04,B001,66
8187310133,GRAPHITE M PURDUE UNIVERSITY P HARPER,2,-11,0,No,V04,B001,85
8187310134,GRAPHITE L PURDUE UNIVERSITY P HARPER,3,-9,0,No,V04,B001,76
8187310135,GRAPHITE XL PURDUE UNIVERSITY P HARPER,2,-6,0,No,V04,B001,62
8187310136,GRAPHITE XXL PURDUE UNIVERSITY P HARPER,1,3,0,No,V04,B001,16
8187311303,Black M Matt Special Hood,1,-11,0,No,V04,B001,83
8187311304,Black L Matt Special Hood,2,-14,0,No,V04,B001,50
8187311305,Black XL Matt Special Hood,1,-9,0,No,V04,B001,81
8187311306,Black XXL Matt Special Hood,1,-4,0,No,V04,B001,16
1573302392,Ash S Vintage Wash Cloud Hood Tee,9,0,0,No,V03,B001,65
1573302393,Ash M Vintage Wash Cloud Hood Tee,13,0,0,No,V03,B001,29
1573302394,Ash L Vintage Wash Cloud Hood Tee,19,0,0,No,V03,B001,39
1573302395,Ash XL Vintage Wash Cloud Hood Tee,6,7,0,No,V03,B001,61
1573302396,Ash XXL Vintage Wash Cloud Hood Tee,2,1,0,No,V03,B001,48
1573302401,Black XS Triumph Hood,1,0,0,No,V03,B001,83
1573302402,Black S Triumph Hood,2,0,0,No,V03,B001,59
1573302403,Black M Triumph Hood,6,1,0,No,V03,B001,98
1573302404,Black L Triumph Hood,14,1,0,No,V03,B001,66
1573302405,Black XL Triumph Hood,10,0,0,No,V03,B001,94
1573302406,Black XXL Triumph Hood,6,0,0,No,V03,B001,40
1573302451,Black XS Old English Arch Purdue,2,1,0,No,V03,B001,49
1573302452,Black S Old English Arch Purdue,2,10,0,No,V03,B001,60
1573302453,Black M Old English Arch Purdue,7,5,0,No,V03,B001,98
1573302454,Black L Old English Arch Purdue,11,6,0,No,V03,B001,23
1573302455,Black XL Old English Arch Purdue,4,9,0,No,V03,B001,24
1573302456,Black XXL Old English Arch Purdue,1,3,0,No,V03,B001,63
1573310197,BLACK XXXL MOON HOODIE,3,2,0,No,V03,B001,89
1573310301,Vegas XS Seal Hood  1577310301,3,4,0,No,V03,B001,84
1573310302,Vegas S Seal Hood,2,-1,0,No,V03,B001,88
1573310305,Vegas XL Seal Hood,2,1,0,No,V03,B001,36
1573310306,Vegas XXL Seal Hood,4,1,0,No,V03,B001,35
1573310407,Oxford Seal Hooded Sweatshirt,4,0,0,No,V03,B001,60
1573310704,Granite Heather XL Purdue Full Zip Sweatshirt,11,-12,0,No,V03,B001,58
1573310705,Granite Heather XXL Purdue Full Zip Sweatshirt,5,-3,0,No,V03,B001,82
1573310881,Black XS on Black Hood,4,4,0,No,V03,B001,40
1573310882,Black S on Black Hood,18,14,0,No,V03,B001,50
1573310883,Black M on Black Hood,10,5,0,No,V03,B001,15
1573310884,Black L on Black Hood,4,-1,0,No,V03,B001,60
1573310885,Black XL on Black Hood,1,1,0,No,V03,B001,84
1573310886,Black XXL on Black Hood,2,3,0,No,V03,B001,67
1573310887,Black XXXL on Black Hood,1,1,0,No,V03,B001,95
1573310901,White XS On White Hood,2,11,0,No,V03,B001,82
1573310902,White S On White Hood,7,27,0,No,V03,B001,92
1573310903,White M On White Hood,16,16,0,No,V03,B001,66
1573310904,White L On White Hood,9,17,0,No,V03,B001,53
1573310931,Vegas XS Vegas Twill Hood,2,12,0,No,V03,B001,41
1573310932,Vegas S Vegas Twill Hood,5,11,0,No,V03,B001,18
1573310933,Vegas M Vegas Twill Hood,8,30,0,No,V03,B001,15
1573310934,Vegas L Vegas Twill Hood,15,32,0,No,V03,B001,46
1573310935,Vegas XL Vegas Twill Hood,9,15,0,No,V03,B001,84
1573310936,Vegas XXL Vegas Twill Hood,5,5,0,No,V03,B001,65
1573313165,Ash XL RW Hood Seal Twill,2,1,0,No,V03,B001,52
1573313371,Graphite XS Old English Hoodie,2,3,0,No,V03,B001,61
1573313372,Graphite S Old English Hoodie,2,10,0,No,V03,B001,91
1573313373,Graphite M Old English Hoodie,11,8,0,No,V03,B001,76
1573313374,Graphite L Old English Hoodie,14,7,0,No,V03,B001,95
1573313375,Graphite XL Old English Hoodie,6,9,0,No,V03,B001,91
1573313376,Graphite XXL Old English Hoodie,2,5,0,No,V03,B001,89
1573313377,Graphite XXXL Old English Hoodie,1,1,0,No,V03,B001,37
1573315132,Black S Griffin Seal Hood,1,2,0,No,V03,B001,22
1573315133,Black M Griffin Seal Hood,1,0,0,No,V03,B001,48
1573315134,Black L Griffin Seal Hood,1,0,0,No,V03,B001,90
1573320012,White S Purdue P Champion Screen Print,2,1,0,No,V03,B001,49
1573320013,White M Purdue P Champion Screen Print,1,0,0,No,V03,B001,84
1573302964,Black L Boyfriend Crop,1,0,15,No,V03,B001,46
8187302591,Black XS Butterfly   Crop,2,0,0,No,V04,B001,50
8187302592,Black S Butterfly   Crop,4,0,0,No,V04,B001,16
8187302593,Black M Butterfly   Crop,4,0,0,No,V04,B001,23
8187302594,Black L Butterfly   Crop,10,0,0,No,V04,B001,96
8187302595,Black XL Butterfly   Crop,2,1,0,No,V04,B001,40
1573302201,Alabaster White XS P   's Tri-Blend V-Neck Tshirt,1,0,0,No,V03,B001,24
1573302202,Alabaster White S P   's Tri-Blend V-Neck Tshirt,2,-19,0,No,V03,B001,79
1573302204,Alabaster White L P   's Tri-Blend V-Neck Tshirt,3,-23,0,No,V03,B001,30
1573302205,Alabaster White XL P   's Tri-Blend V-Neck Tshirt,1,-11,0,No,V03,B001,94
1573302252,Ash S   s Vintage Jersey Boxy Crop,15,0,0,No,V03,B001,88
1573302253,Ash M   s Vintage Jersey Boxy Crop,18,3,0,No,V03,B001,91
1573302254,Ash L   s Vintage Jersey Boxy Crop,10,5,0,No,V03,B001,64
1573302255,Ash XL   s Vintage Jersey Boxy Crop,3,3,0,No,V03,B001,19
1573302256,Ash XXL   s Vintage Jersey Boxy Crop,2,0,0,No,V03,B001,18
1573302291,Gunsmoke XS Triumph V-Neck Seal Tee,6,0,0,No,V03,B001,44
1573302292,Gunsmoke S Triumph V-Neck Seal Tee,20,1,0,No,V03,B001,99
1573302293,Gunsmoke M Triumph V-Neck Seal Tee,26,1,0,No,V03,B001,93
1573302294,Gunsmoke L Triumph V-Neck Seal Tee,18,0,0,No,V03,B001,40
1573302295,Gunsmoke XL Triumph V-Neck Seal Tee,9,0,0,No,V03,B001,27
1573302296,Gunsmoke XXL Triumph V-Neck Seal Tee,3,0,0,No,V03,B001,84
1573302301,Alabaster XS Triumph V-Neck,4,2,0,No,V03,B001,46
1573302302,Alabaster S Triumph V-Neck,16,1,0,No,V03,B001,81
1573302303,Alabaster M Triumph V-Neck,20,3,0,No,V03,B001,35
1573302304,Alabaster L Triumph V-Neck,11,6,0,No,V03,B001,35
1573302305,Alabaster XL Triumph V-Neck,3,4,0,No,V03,B001,28
1573302306,Alabaster XXL Triumph V-Neck,2,1,0,No,V03,B001,95
1573302312,White S  rdmark LS Crop,20,0,0,No,V03,B001,82
1573302313,White M  rdmark LS Crop,17,1,0,No,V03,B001,91
1573302314,White L  rdmark LS Crop,7,1,0,No,V03,B001,55
1573302315,White XL  rdmark LS Crop,2,0,0,No,V03,B001,95
1573302321,Black XS LS Boyfriend Crop Sleeve Print,1,2,0,No,V03,B001,38
1573302322,Black S LS Boyfriend Crop Sleeve Print,11,3,0,No,V03,B001,74
1573302323,Black M LS Boyfriend Crop Sleeve Print,17,1,0,No,V03,B001,38
1573302324,Black L LS Boyfriend Crop Sleeve Print,8,-2,0,No,V03,B001,77
1573302325,Black XL LS Boyfriend Crop Sleeve Print,2,1,0,No,V03,B001,61
1573310741,Silver XS PU   's Crop RW,1,0,6,No,V03,B001,46
1573310742,Silver S PU   's Crop RW,1,0,21,No,V03,B001,17
1573310744,Silver L PU   's Crop RW,2,0,15,No,V03,B001,100
1573310745,Silver XL PU   's Crop RW,4,0,9,No,V03,B001,67
8187301062,BLACK S Murphy PURDUE UNIVERSITY,17,26,0,No,V04,B001,58
8187301063,BLACK M Murphy PURDUE UNIVERSITY,39,35,0,No,V04,B001,100
8187301064,BLACK L Murphy PURDUE UNIVERSITY,33,59,0,No,V04,B001,31
8187301065,BLACK XL Murphy PURDUE UNIVERSITY,11,48,0,No,V04,B001,40
8187301066,BLACK XXL Murphy PURDUE UNIVERSITY,8,11,0,No,V04,B001,83
8187301072,GRAPHITE S Murphy PURDUE UNIVERSITY,22,16,0,No,V04,B001,31
8187301073,GRAPHITE M Murphy PURDUE UNIVERSITY,36,22,0,No,V04,B001,79
8187301074,GRAPHITE L Murphy PURDUE UNIVERSITY,30,24,0,No,V04,B001,88
8187301075,GRAPHITE XL Murphy PURDUE UNIVERSITY,4,2,0,No,V04,B001,40
8187301076,GRAPHITE XXL Murphy PURDUE UNIVERSITY,9,0,0,No,V04,B001,29
8187301082,OXF S PURDUE TRAIN BOILERMAKERS,8,21,0,No,V04,B001,91
8187301083,OXF M PURDUE TRAIN BOILERMAKERS,16,3,0,No,V04,B001,27
8187301084,OXF L PURDUE TRAIN BOILERMAKERS,6,2,0,No,V04,B001,86
8187301092,WHITE S PURDUE PETE,13,18,9,No,V04,B001,31
8187301093,WHITE M PURDUE PETE,24,41,18,No,V04,B001,73
8187301094,WHITE L PURDUE PETE,22,15,18,No,V04,B001,94
8187301095,WHITE XL PURDUE PETE,11,0,9,No,V04,B001,39
8187301096,WHITE XXL PURDUE PETE,6,7,3,No,V04,B001,37
1573302422,Black S Triumph LS Triblend Tee,7,0,0,No,V03,B001,84
1573302423,Black M Triumph LS Triblend Tee,10,2,0,No,V03,B001,96
1573302424,Black L Triumph LS Triblend Tee,12,1,0,No,V03,B001,85
1573302425,Black XL Triumph LS Triblend Tee,4,5,0,No,V03,B001,71
1573302426,Black XXL Triumph LS Triblend Tee,2,0,0,No,V03,B001,48
1573305161,WHITE XS PACK N GO P,4,-1,0,No,V03,B001,94
1573305162,WHITE S PACK N GO P,11,4,0,No,V03,B001,51
1573305163,WHITE M PACK N GO P,8,-1,0,No,V03,B001,89
1573305164,WHITE L PACK N GO P,9,0,0,No,V03,B001,19
1573305165,WHITE XL PACK N GO P,3,-1,0,No,V03,B001,17
1573305166,WHITE XXL PACK N GO P,1,0,0,No,V03,B001,29
1573305171,BLACK XS PACK N GO P,6,3,0,No,V03,B001,87
1573305172,BLACK S PACK N GO P,19,-1,0,No,V03,B001,26
1573305173,BLACK M PACK N GO P,14,1,0,No,V03,B001,68
1573305174,BLACK L PACK N GO P,13,2,24,No,V03,B001,98
1573305175,BLACK XL PACK N GO P,8,1,12,No,V03,B001,90
1573305176,BLACK XXL PACK N GO P,2,-1,6,No,V03,B001,17
1573305184,Black L Victory Jacket,8,0,0,No,V03,B001,52
1573305185,Black XL Victory Jacket,2,3,0,No,V03,B001,86
1573305186,Black XXL Victory Jacket,4,5,0,No,V03,B001,30
1573302491,Black XS Powerblend Fleece Shorts,1,5,0,No,V03,B001,73
1573302493,Black M Powerblend Fleece Shorts,6,15,0,No,V03,B001,89
1573302494,Black L Powerblend Fleece Shorts,1,23,0,No,V03,B001,44
1573302495,Black XL Powerblend Fleece Shorts,2,13,0,No,V03,B001,72
1573303602,CHARCOAL S M JOGGER P PURDUE,2,2,0,No,V03,B001,28
1573303604,CHARCOAL L M JOGGER P PURDUE,14,4,0,No,V03,B001,29
1573303605,CHARCOAL XL M JOGGER P PURDUE,6,11,0,No,V03,B001,38
1573303606,CHARCOAL XXL M JOGGER P PURDUE,1,6,0,No,V03,B001,58
1573303691,Black XS P Jogger,5,6,0,No,V03,B001,42
1573303692,Black S P Jogger,19,3,0,No,V03,B001,56
1573303693,Black M P Jogger,31,3,0,No,V03,B001,45
1573303694,Black L P Jogger,14,32,0,No,V03,B001,67
1573303695,Black XL P Jogger,5,18,0,No,V03,B001,83
1573303696,Black XXL P Jogger,4,7,0,No,V03,B001,22
1573303701,Oxford XS Banded Bottom Pant,5,1,0,No,V03,B001,94
1573303702,Oxford S Banded Bottom Pant,6,3,0,No,V03,B001,54
1573303703,Oxford M Banded Bottom Pant,9,0,0,No,V03,B001,61
1573303704,Oxford L Banded Bottom Pant,15,2,0,No,V03,B001,73
1573303705,Oxford XL Banded Bottom Pant,1,8,0,No,V03,B001,43
1573303706,Oxford XXL Banded Bottom Pant,1,3,3,No,V03,B001,71
1573302282,Heritage S Grey   s Triumph Pant,12,0,0,No,V03,B001,21
1573302283,Heritage M Grey   s Triumph Pant,14,0,0,No,V03,B001,59
1573302284,Heritage L Grey   s Triumph Pant,4,7,0,No,V03,B001,17
1573302412,Black S  s Triumph Jogger Pant,1,0,0,No,V03,B001,79
1573302413,Black M  s Triumph Jogger Pant,8,0,0,No,V03,B001,36
1573302414,Black L  s Triumph Jogger Pant,11,7,0,No,V03,B001,26
1573302415,Black XL  s Triumph Jogger Pant,1,7,0,No,V03,B001,54
1573302501,White XS Champion Pant,5,1,0,No,V03,B001,63
1573302502,White S Champion Pant,16,-1,0,No,V03,B001,61
1573302503,White M Champion Pant,19,2,0,No,V03,B001,21
1573302504,White L Champion Pant,2,13,0,No,V03,B001,61
1573302505,White XL Champion Pant,1,8,0,No,V03,B001,30
1573302513,Black M Closed Bottom PURDUE Pant,4,0,0,No,V03,B001,97
1573302514,Black L Closed Bottom PURDUE Pant,8,2,0,No,V03,B001,52
1573302515,Black XL Closed Bottom PURDUE Pant,7,2,0,No,V03,B001,36
1573302516,Black XXL Closed Bottom PURDUE Pant,1,5,0,No,V03,B001,87
1573310091,WHITE xs PURDUE  OL,8,0,6,No,V03,B001,83
1573310092,WHITE S PURDUE  OL,17,7,13,No,V03,B001,57
1573310093,WHITE M PURDUE  OL,31,2,20,No,V03,B001,40
1573310094,WHITE L PURDUE  OL,21,0,14,No,V03,B001,37
1573310095,WHITE XL PURDUE  OL,9,1,8,No,V03,B001,94
1573310151,OATMEAL XS PURDUE TAIL,5,0,0,No,V03,B001,81
1573310152,OATMEAL S PURDUE TAIL,0,-1,0,No,V03,B001,55
1573310153,OATMEAL M PURDUE TAIL,15,0,0,No,V03,B001,35
1573310154,OATMEAL L PURDUE TAIL,19,0,0,No,V03,B001,60
1573310155,OATMEAL XL PURDUE TAIL,10,0,0,No,V03,B001,22
1573310281,Black XS Seal Crew,3,6,0,No,V03,B001,31
1573310282,Black S Seal Crew,27,2,0,No,V03,B001,45
1573310283,Black M Seal Crew,27,3,0,No,V03,B001,18
1573310284,Black L Seal Crew,27,2,0,No,V03,B001,42
1573310285,Black XL Seal Crew,15,4,0,No,V03,B001,67
1573310291,Vegas XS Seal Crew,13,-1,0,No,V03,B001,22
1573310292,Vegas S Seal Crew,31,2,0,No,V03,B001,50
1573310293,Vegas M Seal Crew,38,6,0,No,V03,B001,23
1573310294,Vegas L Seal Crew,45,3,0,No,V03,B001,20
1573310295,Vegas XL Seal Crew,26,4,0,No,V03,B001,45
1573310296,Vegas XXL Seal Crew,10,2,0,No,V03,B001,49
1573310341,Brown XS 1/4 Zip P LC,1,7,0,No,V03,B001,36
1573310342,Brown S 1/4 Zip P LC,13,13,0,No,V03,B001,99
1573310343,Brown M 1/4 Zip P LC,14,15,0,No,V03,B001,33
1573310344,Brown L 1/4 Zip P LC,13,20,0,No,V03,B001,83
1573310345,Brown XL 1/4 Zip P LC,3,14,0,No,V03,B001,74
1573310346,Brown XXL 1/4 Zip P LC,5,10,0,No,V03,B001,56
1573310371,Gray XS Griffin RW,5,4,0,No,V03,B001,56
1573310372,Gray S Griffin RW,6,17,0,No,V03,B001,37
1573310373,Gray M Griffin RW,10,35,0,No,V03,B001,35
1573310374,Gray L Griffin RW,9,37,0,No,V03,B001,36
1573310375,Gray XL Griffin RW,7,18,15,No,V03,B001,21
1573310376,Gray XXL Griffin RW,1,11,0,No,V03,B001,100
1573311691,GRAPH XS 1/4 PURDUE UNIVERSITY,3,4,0,No,V03,B001,97
1573311692,GRAPH S 1/4 PURDUE UNIVERSITY,5,18,0,No,V03,B001,93
1573311693,GRAPH M 1/4 PURDUE UNIVERSITY,6,15,0,No,V03,B001,44
1573311694,GRAPH L 1/4 PURDUE UNIVERSITY,6,18,0,No,V03,B001,78
1573311695,GRAPH XL 1/4 PURDUE UNIVERSITY,5,6,0,No,V03,B001,69
1573311696,GRAPH XXL 1/4 PURDUE UNIVERSITY,2,5,0,No,V03,B001,100
1573311701,OATMEAL XS 1/4 PURDUE UNIVERSITY,6,2,0,No,V03,B001,42
1573311702,OATMEAL S 1/4 PURDUE UNIVERSITY,18,2,0,No,V03,B001,83
1573311703,OATMEAL M 1/4 PURDUE UNIVERSITY,21,0,0,No,V03,B001,63
1573311704,OATMEAL L 1/4 PURDUE UNIVERSITY,2,0,0,No,V03,B001,55
1573311712,OATMEAL S PURDUE GREY TWILL,8,1,0,No,V03,B001,34
1573311713,OATMEAL M PURDUE GREY TWILL,1,2,0,No,V03,B001,62
1573311715,OATMEAL XL PURDUE GREY TWILL,5,3,0,No,V03,B001,30
1573311716,OATMEAL XXL PURDUE GREY TWILL,1,0,0,No,V03,B001,21
1573311741,VEGAS XS PURDUE UNIVERSITY,5,2,0,No,V03,B001,76
1573311742,VEGAS S PURDUE UNIVERSITY,26,-7,0,No,V03,B001,37
1573311743,VEGAS M PURDUE UNIVERSITY,26,2,0,No,V03,B001,90
1573311744,VEGAS L PURDUE UNIVERSITY,23,9,0,No,V03,B001,34
1573311745,VEGAS XL PURDUE UNIVERSITY,15,2,0,No,V03,B001,40
1573311746,VEGAS XXL PURDUE UNIVERSITY,1,4,0,No,V03,B001,76
8187310142,BLACK S PURDUE UNION CREW,2,-1,0,No,V04,B001,28
8187310145,BLACK XL PURDUE UNION CREW,3,0,0,No,V04,B001,45
8187310146,BLACK XXL PURDUE UNION CREW,4,-1,0,No,V04,B001,27
8187310156,GRAPHITE XXL PURDUE UNION CREW,1,0,0,No,V04,B001,66
8187310165,OXFORD XL PURDUE UNION CREW,1,1,0,No,V04,B001,18
8187310166,OXFORD XXL PURDUE UNION CREW,6,1,0,No,V04,B001,70
8187310172,White S Arch Union Crewneck Sweatshirt,8,1,0,No,V04,B001,59
8187310173,White M Arch Union Crewneck Sweatshirt,24,4,0,No,V04,B001,100
8187310174,White L Arch Union Crewneck Sweatshirt,15,2,0,No,V04,B001,25
8187310175,White XL Arch Union Crewneck Sweatshirt,8,9,0,No,V04,B001,95
8187310176,White XXL Arch Union Crewneck Sweatshirt,1,8,0,No,V04,B001,44
8187310232,Black S Alumni Hooded Sweatshirt,2,2,0,No,V04,B001,41
8187310233,Black M Alumni Hooded Sweatshirt,1,7,0,No,V04,B001,47
8187310234,Black L Alumni Hooded Sweatshirt,2,7,0,No,V04,B001,89
8187310235,Black XL Alumni Hooded Sweatshirt,2,6,0,No,V04,B001,91
8187310236,Black XXL Alumni Hooded Sweatshirt,1,3,0,No,V04,B001,97
8187310482,Ash S Alumni Seal Crew,2,10,0,No,V04,B001,66
8187310483,Ash M Alumni Seal Crew,7,2,0,No,V04,B001,88
8187310484,Ash L Alumni Seal Crew,9,6,0,No,V04,B001,74
8187310485,Ash XL Alumni Seal Crew,4,2,0,No,V04,B001,33
8187310486,Ash XXL Alumni Seal Crew,1,2,0,No,V04,B001,65
8187310487,Ash XXXL Alumni Seal Crew,1,1,0,No,V04,B001,60
1573302271,Pebblestone XS   s Triumph Crew,3,0,0,No,V03,B001,23
1573302272,Pebblestone S   s Triumph Crew,1,0,0,No,V03,B001,28
1573302275,Pebblestone XL   s Triumph Crew,1,1,0,No,V03,B001,50
1573310096,WHITE XXL PURDUE  OL,1,3,0,No,V03,B001,86
1573310482,Oatmeal S Mars Crewneck Sweatshirt,17,-1,0,No,V03,B001,67
1573310483,Oatmeal M Mars Crewneck Sweatshirt,12,2,0,No,V03,B001,53
1573310484,Oatmeal L Mars Crewneck Sweatshirt,11,1,0,No,V03,B001,36
1573310485,Oatmeal XL Mars Crewneck Sweatshirt,12,3,0,No,V03,B001,34
1573310642,Oatmeal S Asian Culture Bao Ho Crew,0,2,0,No,V03,B001,99
1573310643,Oatmeal M Asian Culture Bao Ho Crew,1,-2,0,No,V03,B001,73
1573310722,Black S Purdue Reverse Weave Crew,4,18,0,No,V03,B001,100
1573310723,Black M Purdue Reverse Weave Crew,13,35,0,No,V03,B001,26
1573310724,Black L Purdue Reverse Weave Crew,6,42,0,No,V03,B001,18
1573310725,Black XL Purdue Reverse Weave Crew,4,21,0,No,V03,B001,29
1573310726,Black XXL Purdue Reverse Weave Crew,2,11,0,No,V03,B001,34
1573310891,Black XS On Black Crew,6,4,0,No,V03,B001,27
1573310892,Black S On Black Crew,7,4,0,No,V03,B001,62
1573310893,Black M On Black Crew,11,0,0,No,V03,B001,97
1573310894,Black L On Black Crew,15,2,0,No,V03,B001,82
1573310895,Black XL On Black Crew,9,3,0,No,V03,B001,48
1573310896,Black XXL On Black Crew,3,3,0,No,V03,B001,19
1573310897,Black XXXL On Black Crew,1,3,0,No,V03,B001,29
1573310911,White XS On White Crew,2,13,0,No,V03,B001,33
1573310912,White S On White Crew,14,26,0,No,V03,B001,34
1573310913,White M On White Crew,18,37,0,No,V03,B001,90
1573310914,White L On White Crew,15,54,0,No,V03,B001,86
1573310915,White XL On White Crew,6,29,0,No,V03,B001,73
1573310916,White XXL On White Crew,1,14,0,No,V03,B001,34
1573310941,Vegas XS on Vegas Twill Crew,4,-1,0,No,V03,B001,48
1573310942,Vegas S on Vegas Twill Crew,8,3,0,No,V03,B001,63
1573310943,Vegas M on Vegas Twill Crew,15,1,0,No,V03,B001,25
1573310944,Vegas L on Vegas Twill Crew,13,5,0,No,V03,B001,81
1573310945,Vegas XL on Vegas Twill Crew,6,6,0,No,V03,B001,85
1573310946,Vegas XXL on Vegas Twill Crew,1,18,0,No,V03,B001,63
1573311961,WHITE XS PURDUE UNIVERSITY,6,2,0,No,V03,B001,21
1573311962,WHITE S PURDUE UNIVERSITY,18,17,0,No,V03,B001,92
1573311963,WHITE M PURDUE UNIVERSITY,24,19,0,No,V03,B001,61
1573311964,WHITE L PURDUE UNIVERSITY,17,22,0,No,V03,B001,95
1573311965,WHITE XL PURDUE UNIVERSITY,6,15,0,No,V03,B001,39
1573311966,WHITE XXL PURDUE UNIVERSITY,1,13,0,No,V03,B001,21
1573312451,White XS Bao Ho Crew,1,9,0,No,V03,B001,68
1573312452,White S Bao Ho Crew,15,1,0,No,V03,B001,23
1573312453,White M Bao Ho Crew,21,2,0,No,V03,B001,62
1573312454,White L Bao Ho Crew,16,19,0,No,V03,B001,31
1573312455,White XL Bao Ho Crew,7,7,0,No,V03,B001,81
1573312741,Black XS Small Center Chest Sweathirt,1,1,0,No,V03,B001,22
1573312742,Black S Small Center Chest Sweathirt,2,0,0,No,V03,B001,27
1573312743,Black M Small Center Chest Sweathirt,3,2,0,No,V03,B001,23
1573312744,Black L Small Center Chest Sweathirt,7,1,0,No,V03,B001,27
1573312745,Black XL Small Center Chest Sweathirt,4,0,0,No,V03,B001,48
1573312746,Black XXL Small Center Chest Sweathirt,7,0,0,No,V03,B001,58
1573312747,Black XXXL Small Center Chest Sweathirt,2,1,0,No,V03,B001,65
1573313012,Black S Twill RW Crew,9,2,0,No,V03,B001,54
1573313013,Black M Twill RW Crew,12,10,0,No,V03,B001,94
1573313014,Black L Twill RW Crew,10,10,0,No,V03,B001,83
1573313015,Black XL Twill RW Crew,8,3,0,No,V03,B001,66
1573313016,Black XXL Twill RW Crew,4,0,0,No,V03,B001,57
1573313022,Oatmeal S RW Twill Crew,14,1,0,No,V03,B001,39
1573313023,Oatmeal M RW Twill Crew,17,0,0,No,V03,B001,79
1573313024,Oatmeal L RW Twill Crew,20,-1,0,No,V03,B001,60
1573313025,Oatmeal XL RW Twill Crew,9,2,0,No,V03,B001,60
1573313026,Oatmeal XXL RW Twill Crew,4,2,0,No,V03,B001,85
1573313361,Black XS Grey Felt Crew,4,3,0,No,V03,B001,57
1573313362,Black S Grey Felt Crew,17,1,0,No,V03,B001,40
1573313363,Black M Grey Felt Crew,25,0,0,No,V03,B001,72
1573313364,Black L Grey Felt Crew,19,0,0,No,V03,B001,89
1573313365,Black XL Grey Felt Crew,15,0,0,No,V03,B001,86
1573313366,Black XXL Grey Felt Crew,5,1,0,No,V03,B001,17
1573315101,Oatmeal XS Griffin Crew,1,1,6,No,V03,B001,81
1573315105,Oatmeal XL Griffin Crew,2,1,15,No,V03,B001,86
1573315113,Black M Griffin Seal Crew,10,0,0,No,V03,B001,100
1573315114,Black L Griffin Seal Crew,9,0,0,No,V03,B001,62
1573315115,Black XL Griffin Seal Crew,3,22,0,No,V03,B001,23
1573315117,Black XXXL Griffin Seal Crew,3,4,0,No,V03,B001,86
1573315161,Vegas XS Gold Griffin Crew,1,0,0,No,V03,B001,85
1573315165,Vegas XL Gold Griffin Crew,1,2,0,No,V03,B001,30
1170601042,BLACK S ENGINEERING FORMULA,10,5,0,No,V04,B001,34
1170601043,BLACK M ENGINEERING FORMULA,26,-11,18,No,V04,B001,16
1170601044,BLACK L ENGINEERING FORM,26,-15,18,No,V04,B001,75
1170601045,BLACK XL ENGINEERING FORMULA,15,-1,12,No,V04,B001,20
1170601046,BLACK XXL ENGINEERING FORMULA,9,0,6,No,V04,B001,19
1573301684,BLACK L FRIENDS,3,1,0,No,V03,B001,74
6622101002,BLACK S ENGINEERING,7,-2,12,No,V04,B001,22
6622101003,BLACK M ENGINEERING,12,0,24,No,V04,B001,28
6622101004,BLACK L ENGINEERING,32,-6,24,No,V04,B001,55
6622101005,BLACK XL ENGINEERING,10,8,24,No,V04,B001,86
6622101006,BLACK XXL ENGINEERING,1,11,6,No,V04,B001,29
6622101007,BLACK XXXL ENGINEERING,3,0,3,No,V04,B001,58
6622101012,BLACK S AGRICULTURE,7,-1,9,No,V04,B001,83
6622101013,BLACK M AGRICULTURE,12,1,9,No,V04,B001,90
6622101014,BLACK L AGRICULTURE,14,3,9,No,V04,B001,67
6622101015,BLACK XL AGRICULTURE,14,-3,9,No,V04,B001,46
6622101016,BLACK XXL AGRICULTURE,6,5,0,No,V04,B001,40
6622101017,BLACK XXXL AGRICULTURE,1,1,3,No,V04,B001,80
6622101032,BLACK S LIBERAL ARTS,2,3,12,No,V04,B001,58
6622101033,BLACK M LIBERAL ARTS,4,4,12,No,V04,B001,93
6622101034,BLACK L LIBERAL ARTS,6,4,12,No,V04,B001,79
6622101042,BLACK S POLYTECHNIC,10,24,0,No,V04,B001,92
6622101043,BLACK M POLYTECHNIC,14,0,0,No,V04,B001,69
6622101044,BLACK L POLYTECHNIC,13,5,0,No,V04,B001,53
6622101045,BLACK XL POLYTECHNIC,11,3,0,No,V04,B001,41
6622101046,BLACK XXL POLYTECHNIC,7,4,0,No,V04,B001,35
6622101052,BLACK S EDUCATION,6,7,0,No,V04,B001,75
6622101053,BLACK M EDUCATION,8,-2,12,No,V04,B001,42
6622101054,BLACK L EDUCATION,8,1,12,No,V04,B001,16
6622101055,BLACK XL EDUCATION,4,1,9,No,V04,B001,53
6622101056,BLACK XXL EDUCATION,2,6,3,No,V04,B001,79
6622101057,BLACK 3XL EDUCATION,1,1,0,No,V04,B001,40
6622101062,BLACK S NURSING,3,11,0,No,V04,B001,22
6622101063,BLACK M NURSING,9,7,0,No,V04,B001,66
6622101064,BLACK L NURSING,7,10,0,No,V04,B001,21
6622101065,BLACK XL NURSING,4,7,0,No,V04,B001,35
6622101066,BLACK XXL NURSING,2,6,0,No,V04,B001,33
6622101072,BLACK S KRANNERT MANAGE T,10,0,0,No,V04,B001,42
6622101073,BLACK M KRANNERT MANAGE T,14,1,0,No,V04,B001,86
6622101074,BLACK L KRANNERT MANAGE T,14,1,0,No,V04,B001,100
6622101075,BLACK XL KRANNERT MANAGE T,7,6,0,No,V04,B001,76
6622101076,BLACK XXL KRANNERT MANAGE T,5,3,0,No,V04,B001,47
6622101077,BLACK XXXL KRANNERT MANAGE T,2,0,0,No,V04,B001,66
6622101092,BLACK S SCIENCE,8,1,3,No,V04,B001,30
6622101093,BLACK M SCIENCE,9,2,15,No,V04,B001,42
6622101094,BLACK L SCIENCE,11,1,12,No,V04,B001,61
6622101095,BLACK XL SCIENCE,6,1,9,No,V04,B001,22
6622101096,BLACK XXL SCIENCE,4,2,3,No,V04,B001,53
6622101097,BLACK XXXL SCIENCE,1,3,3,No,V04,B001,23
6622101102,BLACK S PHARMACY,10,4,3,No,V04,B001,20
6622101103,BLACK M PHARMACY,12,-6,12,No,V04,B001,28
6622101104,BLACK L PHARMACY,2,9,12,No,V04,B001,64
6622101105,BLACK XL PHARMACY,5,4,6,No,V04,B001,53
6622101107,BLACK XXXL PHARMACY,2,1,3,No,V04,B001,83
6622101112,BLACK S HHS,8,0,0,No,V04,B001,31
6622101113,BLACK M HHS,10,0,0,No,V04,B001,62
6622101114,BLACK L HHS,8,2,0,No,V04,B001,37
6622101115,BLACK XL HHS,9,4,0,No,V04,B001,100
6622101116,BLACK XXL HHS,1,10,0,No,V04,B001,80
6622101117,BLACK XXXL HHS,2,1,0,No,V04,B001,93
6622101122,BLACK S VETERINARY MEDICINE,1,3,0,No,V04,B001,45
6622101123,BLACK M VETERINARY MEDICINE,1,1,0,No,V04,B001,34
6622101124,BLACK L VETERINARY MEDICINE,8,6,0,No,V04,B001,39
6622101125,BLACK XL VETERINARY MEDICINE,4,2,0,No,V04,B001,37
6622101126,BLACK XXL VETERINARY MEDICINE,2,1,0,No,V04,B001,77
6622101127,BLACK XXXL VETERINARY MEDICINE,1,2,0,No,V04,B001,26
6622101132,BLACK S EXPLORATORY STUDIES,5,4,0,No,V04,B001,30
6622101135,BLACK XL EXPLORATORY STUDIES,1,3,0,No,V04,B001,67
6622101136,BLACK XXL EXPLORATORY STUDIES,2,-1,0,No,V04,B001,97
6622101234,BLACK L BASKETBALL,1,14,0,No,V04,B001,88
6622101235,BLACK XL BASKETBALL,3,9,0,No,V04,B001,91
6622101236,BLACK XXL BASKETBALL,2,6,0,No,V04,B001,84
6622101242,BLACK S FOOTBALL,6,1,6,No,V04,B001,79
6622101243,BLACK M FOOTBALL,14,6,9,No,V04,B001,98
6622101244,BLACK L FOOTBALL,3,12,9,No,V04,B001,59
6622101256,BLACK XXL VOLLEYBALL,5,3,3,No,V04,B001,55
6622101265,BLACK XL SOCCER,4,5,6,No,V04,B001,86
6622101266,BLACK XXL SOCCER,2,2,3,No,V04,B001,46
6622101272,BLACK S SWIMMING,1,-2,0,No,V04,B001,45
6622101274,BLACK L SWIMMING,6,2,0,No,V04,B001,70
6622101275,BLACK XL SWIMMING,5,6,0,No,V04,B001,38
6622101276,BLACK XXL SWIMMING,2,-2,0,No,V04,B001,27
6622101282,BLACK S WRESTLING,3,7,0,No,V04,B001,57
6622101283,BLACK M WRESTLING,8,-3,0,No,V04,B001,48
6622101284,BLACK L WRESTLING,6,4,0,No,V04,B001,39
6622101285,BLACK XL WRESTLING,6,2,0,No,V04,B001,27
6622101286,BLACK XXL WRESTLING,1,1,0,No,V04,B001,36
6622101292,BLACK S TRACK AND FIELD,1,1,0,No,V04,B001,51
6622101293,BLACK M TRACK AND FIELD,4,1,0,No,V04,B001,29
6622101294,BLACK L TRACK AND FIELD,7,3,0,No,V04,B001,53
6622101295,BLACK XL TRACK AND FIELD,1,7,0,No,V04,B001,63
6622101296,BLACK XXL TRACK AND FIELD,3,2,0,No,V04,B001,60
6622101302,BLACK S SOFTBALL,3,0,0,No,V04,B001,33
6622101303,BLACK M SOFTBALL,6,5,0,No,V04,B001,95
6622101304,BLACK L SOFTBALL,3,8,0,No,V04,B001,78
6622101305,BLACK XL SOFTBALL,6,2,0,No,V04,B001,52
6622101306,BLACK XXL SOFTBALL,1,10,0,No,V04,B001,68
6622101313,BLACK M BASEBALL,6,-2,0,No,V04,B001,77
6622101315,BLACK XL BASEBALL,1,14,0,No,V04,B001,70
6622101422,BLACK S HOCKEY,4,4,0,No,V04,B001,41
6622101423,BLACK M HOCKEY,6,0,0,No,V04,B001,59
6622101424,BLACK L HOCKEY,5,1,0,No,V04,B001,71
6622101425,BLACK XL HOCKEY,4,0,0,No,V04,B001,97
6622101432,BLACK S RUGBY,3,5,0,No,V04,B001,93
6622101433,BLACK M RUGBY,1,1,0,No,V04,B001,89
6622101466,BLACK XXL CHEER,1,0,0,No,V04,B001,44
8187301013,Black M Ross-Ade Black Out Tee,30,0,48,No,V04,B001,28
8187301014,Black L Ross-Ade Black Out Tee,35,1,48,No,V04,B001,51
8187301015,Black XL Ross-Ade Black Out Tee,25,-1,24,No,V04,B001,48
8187301016,Black XXL Ross-Ade Black Out Tee,9,0,12,No,V04,B001,93
8187301034,GRAPHITE L ALUMNI,1,18,12,No,V04,B001,17
8187301036,GRAPHITE XXL ALUMNI,3,-1,6,No,V04,B001,94
8187301192,BLACK S BIG PETE,15,-5,9,No,V04,B001,76
8187301193,BLACK M BIG PETE,23,-15,18,No,V04,B001,90
8187301194,BLACK L BIG PETE,23,-12,21,No,V04,B001,48
8187301195,BLACK XL BIG PETE,5,-2,15,No,V04,B001,88
8187301196,BLACK XXL BIG PETE,4,-4,6,No,V04,B001,20
8187301197,BLACK 3XL BIG PETE,2,-1,3,No,V04,B001,24
8187301212,WHITE S Hatter PURDUE EST P 1869 UNIVERSITY,13,-4,12,No,V04,B001,16
8187301213,WHITE M Hatter PURDUE EST P 1869 UNIVERSITY,19,-15,24,No,V04,B001,21
8187301214,WHITE L Hatter PURDUE EST P 1869 UNIVERSITY,30,-25,24,No,V04,B001,22
8187301215,WHITE XL Hatter PURDUE EST P 1869 UNIVERSITY,6,6,12,No,V04,B001,63
8187301216,WHITE XXL Hatter PURDUE EST P 1869 UNIVERSITY,3,3,6,No,V04,B001,15
8187301222,OXFORD S Hatter PURDUE EST P 1869 UNIVERSITY,15,-13,18,No,V04,B001,62
8187301223,OXFORD M Hatter PURDUE EST P 1869 UNIVERSITY,16,-9,24,No,V04,B001,85
8187301224,OXFORD L Hatter PURDUE EST P 1869 UNIVERSITY,16,-16,24,No,V04,B001,40
8187301225,OXFORD XL Hatter PURDUE EST P 1869 UNIVERSITY,10,-7,18,No,V04,B001,27
8187301226,OXFORD XXL Hatter PURDUE EST P 1869 UNIVERSITY,4,1,9,No,V04,B001,62
8187301232,VEGAS S Hatter PURDUE EST P 1869 UNIVERSITY,18,-11,21,No,V04,B001,36
8187301233,VEGAS M Hatter PURDUE EST P 1869 UNIVERSITY,14,-12,27,No,V04,B001,49
8187301234,VEGAS L Hatter PURDUE EST P 1869 UNIVERSITY,21,-19,27,No,V04,B001,28
8187301235,VEGAS XL Hatter PURDUE EST P 1869 UNIVERSITY,15,-2,12,No,V04,B001,88
8187301236,VEGAS XXL Hatter PURDUE EST P 1869 UNIVERSITY,8,-1,6,No,V04,B001,83
8187301242,BLACK S Hatter PURDUE EST P 1869 UNIVERSITY,10,-6,18,No,V04,B001,40
8187301243,BLACK M Hatter PURDUE EST P 1869 UNIVERSITY,22,-20,36,No,V04,B001,55
8187301244,BLACK L Hatter PURDUE EST P 1869 UNIVERSITY,19,-13,24,No,V04,B001,85
8187301245,BLACK XL Hatter PURDUE EST P 1869 UNIVERSITY,5,-1,15,No,V04,B001,78
8187301246,BLACK XXL Hatter PURDUE EST P 1869 UNIVERSITY,11,0,9,No,V04,B001,87
8187301273,GRAPHITE M PURDUE AG,2,4,0,No,V04,B001,35
8187301276,GRAPHITE XXL PURDUE AG,1,-8,0,No,V04,B001,52
8187301432,PURDUE S OXFORD MOM-1 TEE,8,1,0,No,V04,B001,63
8187301433,PURDUE M OXFORD MOM-1 TEE,16,1,0,No,V04,B001,53
8187301434,PURDUE L OXFORD MOM-1 TEE,19,0,0,No,V04,B001,33
8187301435,PURDUE XL OXFORD MOM-1 TEE,16,-5,0,No,V04,B001,61
8187301436,PURDUE XXL OXFORD MOM-1 TEE,11,-2,0,No,V04,B001,23
8187301452,BLACK S AVON BOILER UP,9,-10,12,No,V04,B001,66
8187301453,BLACK M AVON BOILER UP,19,-23,24,No,V04,B001,79
8187301454,BLACK L AVON BOILER UP,20,-22,24,No,V04,B001,46
8187301455,BLACK XL AVON BOILER UP,13,-18,15,No,V04,B001,46
8187301456,BLACK XXL AVON BOILER UP,7,-5,6,No,V04,B001,49
8187301457,BLACK 3XL AVON BOILER UP,1,-3,3,No,V04,B001,94
8187301462,VEGAS S AVON BOILER UP,4,-5,18,No,V04,B001,26
8187301463,VEGAS M AVON BOILER UP,4,-11,33,No,V04,B001,30
8187301464,VEGAS L AVON BOILER UP,9,-17,39,No,V04,B001,72
8187301465,VEGAS XL AVON BOILER UP,3,-8,18,No,V04,B001,88
8187301466,VEGAS XXL AVON BOILER UP,4,-4,9,No,V04,B001,60
8187301472,MUSTARD S PURDUE AG,8,-12,6,No,V04,B001,81
8187301473,MUSTARD M PURDUE AG,11,-19,12,No,V04,B001,37
8187301474,MUSTARD L PURDUE AG,6,-13,21,No,V04,B001,62
8187301475,MUSTARD XL PURDUE AG,12,-19,12,No,V04,B001,29
8187301476,MUSTARD XXL PURDUE AG,4,2,6,No,V04,B001,17
8187301477,MUSTARD 3XL PURDUE AG,1,-4,3,No,V04,B001,69
8187301532,Oatmeal S Heather Fashion Elby Arch T-Shirt,17,-19,24,No,V04,B001,97
8187301533,Oatmeal M Heather Fashion Elby Arch T-Shirt,14,-3,24,No,V04,B001,91
8187301534,Oatmeal L Heather Fashion Elby Arch T-Shirt,17,-13,24,No,V04,B001,24
8187301535,Oatmeal XL Heather Fashion Elby Arch T-Shirt,10,-9,18,No,V04,B001,74
8187301536,Oatmeal XXL Heather Fashion Elby Arch T-Shirt,7,-6,12,No,V04,B001,52
8187301572,Black S Ink Heather Fashion Elby Arch T-Shirt,8,-3,12,No,V04,B001,83
8187301573,Black M Ink Heather Fashion Elby Arch T-Shirt,10,-2,18,No,V04,B001,58
8187301574,Black L Ink Heather Fashion Elby Arch T-Shirt,13,-1,18,No,V04,B001,59
8187301575,Black XL Ink Heather Fashion Elby Arch T-Shirt,5,4,9,No,V04,B001,15
8187301576,Black XXL Ink Heather Fashion Elby Arch T-Shirt,6,2,3,No,V04,B001,82
8187301592,Mustard S Fashion Elby Arch T-Shirt,4,-6,9,No,V04,B001,24
8187301593,Mustard M Fashion Elby Arch T-Shirt,16,-18,18,No,V04,B001,89
8187301594,Mustard L Fashion Elby Arch T-Shirt,15,-20,18,No,V04,B001,90
8187301595,Mustard XL Fashion Elby Arch T-Shirt,13,-9,12,No,V04,B001,95
8187301596,Mustard XXL Fashion Elby Arch T-Shirt,12,-10,6,No,V04,B001,97
8187301597,Mustard 3XL Fashion Elby Arch T-Shirt,4,-5,3,No,V04,B001,81
8187301617,Black 3XL Mom-2 Script T-Shirt,1,-2,3,No,V04,B001,28
8187301622,Black S Alumni T-Shirt,5,4,0,No,V04,B001,54
8187301623,Black M Alumni T-Shirt,5,-14,12,No,V04,B001,66
8187301625,Black XL Alumni T-Shirt,5,-12,15,No,V04,B001,99
8187301626,Black XXL Alumni T-Shirt,6,1,6,No,V04,B001,38
8187301627,Black XXXL Alumni T-Shirt,4,-5,6,No,V04,B001,96
8187301632,Ash S Married Into This,5,0,0,No,V04,B001,61
8187301635,Ash XL Married Into This,2,0,0,No,V04,B001,31
8187301642,Charcoal S Martino T-Shirt,2,1,0,No,V04,B001,48
8187301653,Ash M Clayton T-Shirt,1,2,0,No,V04,B001,54
8187301655,Ash XL Clayton T-Shirt,1,0,0,No,V04,B001,80
8187301656,Ash XXL Clayton T-Shirt,1,1,0,No,V04,B001,47
8187301657,Ash XXXL Clayton T-Shirt,1,1,0,No,V04,B001,44
8187301681,Black XS Go Ag Early,1,0,0,No,V04,B001,65
8187301682,Black S Go Ag Early,1,0,3,No,V04,B001,68
8187301683,Black M Go Ag Early,2,1,12,No,V04,B001,22
8187301684,Black L Go Ag Early,4,1,15,No,V04,B001,93
8187301685,Black XL Go Ag Early,2,6,6,No,V04,B001,100
8187301686,Black XXL Go Ag Early,5,9,3,No,V04,B001,78
8187301762,CHARCOAL S UNION ARCH TEE,25,11,0,No,V04,B001,92
8187301763,CHARCOAL M UNION ARCH TEE,29,9,36,No,V04,B001,38
8187301764,CHARCOAL L UNION ARCH TEE,54,-36,36,No,V04,B001,71
8187301765,CHARCOAL XL UNION ARCH TEE,36,-78,48,No,V04,B001,68
8187301766,CHARCOAL XXL UNION ARCH TEE,18,-45,24,No,V04,B001,39
8187301772,BLACK S UNION ARCH TEE,25,-16,24,No,V04,B001,49
8187301773,BLACK M UNION ARCH TEE,60,-61,72,No,V04,B001,18
8187301774,BLACK L UNION ARCH TEE,68,-67,72,No,V04,B001,97
8187301775,BLACK XL UNION ARCH TEE,24,-11,24,No,V04,B001,50
8187301776,BLACK XXL UNION ARCH TEE,18,-19,24,No,V04,B001,41
8187301782,VEGAS S ARCH UNION TEE,86,-85,96,No,V04,B001,15
8187301783,VEGAS M ARCH UNION TEE,121,-132,144,No,V04,B001,100
8187301784,VEGAS L ARCH UNION TEE,53,-73,108,No,V04,B001,68
8187301785,VEGAS XL ARCH UNION TEE,55,-45,48,No,V04,B001,82
8187301786,VEGAS XXL ARCH UNION TEE,14,-6,18,No,V04,B001,92
8187301792,WHITE S UNION ARCH TEE,32,8,24,No,V04,B001,86
8187301793,WHITE M UNION ARCH TEE,26,4,48,No,V04,B001,30
8187301794,WHITE L UNION ARCH TEE,38,28,48,No,V04,B001,77
8187301795,WHITE XL UNION ARCH TEE,34,5,24,No,V04,B001,20
8187301796,WHITE XXL UNION ARCH TEE,8,6,12,No,V04,B001,85
8187301802,OXFORD S UNION ARCH TEE,26,-11,24,No,V04,B001,52
8187301803,OXFORD M UNION ARCH TEE,28,-30,48,No,V04,B001,53
8187301804,OXFORD L UNION ARCH TEE,65,-47,72,No,V04,B001,98
8187301805,OXFORD XL UNION ARCH TEE,0,51,0,No,V04,B001,61
8187301812,BLACK S GRANDMA-1,7,-3,0,No,V04,B001,45
8187301813,BLACK M GRANDMA-1,14,-3,0,No,V04,B001,80
8187301814,BLACK L GRANDMA-1,9,1,0,No,V04,B001,68
8187301815,BLACK XL GRANDMA-1,2,-4,0,No,V04,B001,56
8187301816,BLACK XXL GRANDMA-1,11,-4,0,No,V04,B001,28
8187301817,BLACK 3XL GRANDMA-1,7,-8,0,No,V04,B001,42
8187301822,BLACK S GRANDPA-1,7,7,0,No,V04,B001,76
8187301823,BLACK M GRANDPA-1,18,-12,0,No,V04,B001,26
8187301824,BLACK L GRANDPA-1,9,-2,0,No,V04,B001,41
8187301825,BLACK XL GRANDPA-1,6,-5,0,No,V04,B001,42
8187301826,BLACK XXL GRANDPA-1,4,7,0,No,V04,B001,20
8187301832,Charcoal S Dover Basketball T-Shirt,1,0,0,No,V04,B001,85
8187301847,White XXXL Calvert Basketball T-Shirt,1,0,0,No,V04,B001,54
8187301883,BLACK M MOONDUST,8,5,0,No,V04,B001,19
8187301884,BLACK L MOONDUST,2,2,0,No,V04,B001,77
8187301885,BLACK XL MOONDUST,2,2,0,No,V04,B001,91
8187301886,BLACK XXL MOOONDUST,2,8,0,No,V04,B001,77
8187301932,Oatmeal S Band Script T-Shirt,9,-9,9,No,V04,B001,15
8187301933,Oatmeal M Band Script T-Shirt,18,-11,15,No,V04,B001,90
8187301934,Oatmeal L Band Script T-Shirt,15,-18,15,No,V04,B001,77
8187301935,Oatmeal XL Band Script T-Shirt,6,-8,9,No,V04,B001,78
8187301936,Oatmeal XXL Band Script T-Shirt,11,-6,3,No,V04,B001,35
8187301992,BLACK S DAD-1,3,11,0,No,V04,B001,55
8187301993,BLACK M DAD-1,22,-1,0,No,V04,B001,93
8187301994,BLACK L DAD-1,22,-9,0,No,V04,B001,57
8187301995,BLACK XL DAD-1,13,3,0,No,V04,B001,62
8187301996,BLACK XXL DAD-1,5,5,0,No,V04,B001,76
8187307013,TIEDYE M PURDUE,4,0,0,No,V04,B001,81
8187307014,TIEDYE L PURDUE,5,4,0,No,V04,B001,23
8187307015,TIEDYE XL PURDUE,4,4,0,No,V04,B001,88
1573302432,Black S Tri-Blend Champion Tee,14,1,0,No,V03,B001,19
1573302433,Black M Tri-Blend Champion Tee,22,10,0,No,V03,B001,43
1573302434,Black L Tri-Blend Champion Tee,22,1,0,No,V03,B001,93
1573302435,Black XL Tri-Blend Champion Tee,9,13,0,No,V03,B001,97
1573302436,Black XXL Tri-Blend Champion Tee,1,0,0,No,V03,B001,86
81873010112,Black S Ross-Ade Black Out Tee,10,8,24,No,V04,B001,43
1573302542,Black S Youth Twill Train Hood,8,14,0,No,V03,B001,55
1573302543,Black M Youth Twill Train Hood,13,8,0,No,V03,B001,22
1573302544,Black L Youth Twill Train Hood,3,8,0,No,V03,B001,24
1573302545,Black XL Youth Twill Train Hood,1,3,0,No,V03,B001,18
4692301452,Sage S Harry's Cropped Hooded Sweatshirt,4,1,0,No,V04,B001,89
4692301453,Sage M Harry's Cropped Hooded Sweatshirt,1,10,0,No,V04,B001,81
4692301454,Sage L Harry's Cropped Hooded Sweatshirt,3,4,0,No,V04,B001,66
4692302442,Blush S Harry's Cropped Hoodie,1,0,12,No,V04,B001,50
4692302443,Blush M Harry's Cropped Hoodie,4,1,9,No,V04,B001,17
4692302444,Blush LHarry's Cropped Hoodie,1,3,3,No,V04,B001,45
4692310053,BLACK M HARRYS HOOD,2,14,14,No,V03,B001,47
4692310054,BLACK L HARRYS HOOD,1,5,21,No,V03,B001,100
4692310055,BLACK XL HARRYS HOOD,0,2,13,No,V03,B001,41
4692310056,BLACK XXL HARRYS HOOD,1,2,0,No,V03,B001,47
4692310252,Camo S Harry's Hood,3,0,0,No,V04,B001,81
4692310253,Camo M Harry's Hood,2,4,0,No,V04,B001,70
4692310254,Camo L Harry's Hood,1,9,0,No,V04,B001,28
4692310255,Camo XL Harry's Hood,3,1,0,No,V04,B001,22
4692310256,Camo XXL Harry's Hood,5,-1,0,No,V04,B001,81
4692310931,Blue XS Harry's Chocolate Shop Hood,1,3,0,No,V03,B001,75
4692310932,Blue S Harry's Chocolate Shop Hood,4,1,0,No,V03,B001,43
4692301782,CHARCOAL S   S HARRY'S CHOCOLATE SHOP,1,5,0,No,V04,B001,58
4692301783,CHARCOAL M   S HARRY'S CHOCOLATE SHOP,2,6,0,No,V04,B001,55
4692301785,CHARCOAL XL   S HARRY'S CHOCOLATE SHOP,1,5,0,No,V04,B001,39
4692301786,CHARCOAL XXL   S HARRY'S CHOCOLATE SHOP,1,4,0,No,V04,B001,72
4692301792,HEATHER S NATURAL HARRY'S CHOCOLATE SHOP,1,5,0,No,V04,B001,81
4692301793,HEATHER M NATURAL HARRY'S CHOCOLATE SHOP,1,10,0,No,V04,B001,29
4692301802,HEATHER S NAVY   HARRY'S CHOCOLATE SHOP,2,7,3,No,V04,B001,26
4692301803,HEATHER M NAVY   HARRY'S CHOCOLATE SHOP,1,0,15,No,V04,B001,54
4692301804,HEATHER L NAVY   HARRY'S CHOCOLATE SHOP,1,5,18,No,V04,B001,70
4692301811,STONEWASH XS GREEN CROP  HARRY'S CHOCOLATE SHOP,1,4,0,No,V04,B001,28
4692301812,STONEWASH S GREEN CROP  HARRY'S CHOCOLATE SHOP,1,0,0,No,V04,B001,36
4692301813,STONEWASH M GREEN CROP  HARRY'S CHOCOLATE SHOP,5,1,0,No,V04,B001,99
4692301814,STONEWASH L GREEN CROP  HARRY'S CHOCOLATE SHOP,4,12,0,No,V04,B001,97
4692301815,STONEWASH XL GREEN CROP  HARRY'S CHOCOLATE SHOP,1,3,0,No,V04,B001,74
4692301821,DESERT XS PINK BUTTERFLY HARRY'S CHOCOLATE SHOP,1,6,0,No,V04,B001,100
4692301822,DESERT S PINK BUTTERFLY HARRY'S CHOCOLATE SHOP,1,10,0,No,V04,B001,49
4692301823,DESERT M PINK BUTTERFLY HARRY'S CHOCOLATE SHOP,1,14,0,No,V04,B001,79
4692301824,DESERT L PINK BUTTERFLY HARRY'S CHOCOLATE SHOP,2,15,0,No,V04,B001,98
1573302331,Urban XS Lilac Harry's Preimium Cheer Crop,1,6,0,No,V03,B001,98
1573302332,Urban S Lilac Harry's Preimium Cheer Crop,4,15,0,No,V03,B001,100
1573302333,Urban M Lilac Harry's Preimium Cheer Crop,3,15,0,No,V03,B001,62
1573302335,Urban XL Lilac Harry's Preimium Cheer Crop,1,2,0,No,V03,B001,49
1573302341,Black XS Premium Cheer Crop,6,2,0,No,V03,B001,66
1573302342,Black S Premium Cheer Crop,12,10,0,No,V03,B001,82
1573302343,Black M Premium Cheer Crop,9,10,0,No,V03,B001,31
1573302344,Black L Premium Cheer Crop,4,5,0,No,V03,B001,52
1573302345,Black XL Premium Cheer Crop,1,2,0,No,V03,B001,60
4692301102,PEPPER S CC LS GO UGLY EARLY,1,8,3,No,V04,B001,49
4692301103,PEPPER M CC LS GO UGLY EARLY,5,-1,18,No,V04,B001,46
4692301104,PEPPER L CC LS GO UGLY EARLY,6,0,21,No,V04,B001,96
4692301106,PEPPER XXL CC LS GO UGLY EARLY,1,0,9,No,V04,B001,60
4692301112,WATERMELON S CC LS GO UGLY EARLY,1,11,0,No,V04,B001,15
4692301113,WATERMELON M CC LS GO UGLY EARLY,6,30,0,No,V04,B001,92
4692301114,WATERMELON L CC LS GO UGLY EARLY,3,21,0,No,V04,B001,26
4692301115,WATERMELON XL CC LS GO UGLY EARLY,8,10,0,No,V04,B001,19
4692301116,WATERMELON XXL CC LS GO UGLY EARLY,2,10,0,No,V04,B001,82
4692301122,MUSTARD S CC LS GO UGLY EARLY,3,8,0,No,V04,B001,55
4692301123,MUSTARD M CC LS GO UGLY EARLY,5,12,0,No,V04,B001,45
4692301124,MUSTARD L CC LS GO UGLY EARLY,3,8,12,No,V04,B001,23
4692301125,MUSTARD XL CC LS GO UGLY EARLY,5,-1,15,No,V04,B001,88
4692301126,MUSTARD XXL CC LS GO UGLY EARLY,4,3,3,No,V04,B001,25
4692301133,BLUEJEAN M CC LS Drink 'Em Cute Back,5,2,0,No,V04,B001,65
4692301134,BLUEJEAN L CC LS Drink 'Em Cute Back,8,0,0,No,V04,B001,53
4692301135,BLUEJEAN XL CC LS Drink 'Em Cute Back,4,2,0,No,V04,B001,21
4692301136,BLUEJEAN XXL CC LS Drink 'Em Cute Back,4,1,0,No,V04,B001,75
4692301252,IVORY S LS CC GO UGLY EARLY,1,3,0,No,V04,B001,73
4692301253,IVORY M LS CC GO UGLY EARLY,2,1,0,No,V04,B001,81
4692301254,IVORY L LS CC GO UGLY EARLY,6,5,0,No,V04,B001,48
4692301255,IVORY XL LS CC GO UGLY EARLY,1,5,0,No,V04,B001,25
4692301602,BLUE SPRUCE S CC LS GO UGLY EARLY,3,5,0,No,V04,B001,24
4692301603,BLUE SPRUCE M CC LS GO UGLY EARLY,10,2,0,No,V04,B001,81
4692301604,BLUE SPRUCE L CC LS GO UGLY EARLY,7,0,0,No,V04,B001,22
4692301605,BLUE SPRUCE XL CC LS GO UGLY EARLY,4,11,0,No,V04,B001,29
4692301606,BLUE SPRUCE XXL CC LS GO UGLY EARLY,3,6,0,No,V04,B001,86
4692301607,BLUE SPRUCE XXXL CC LS GO UGLY EARLY,3,3,0,No,V04,B001,85
4692310021,VEGAS XS HARRYS CREW,3,2,0,No,V03,B001,81
4692310023,VEGAS M HARRYS CREW,4,14,0,No,V03,B001,16
4692310024,VEGAS L HARRYS CREW,9,12,0,No,V03,B001,31
4692310025,VEGAS XL HARRYS CREW,6,3,0,No,V03,B001,39
4692310026,VEGAS XXL HARRYS CREW,1,4,0,No,V03,B001,22
4692310031,OATMEAL XS HARRYS CREW,1,12,0,No,V03,B001,85
4692310032,OATMEAL S HARRYS CREW,6,8,3,No,V03,B001,54
4692310033,OATMEAL M HARRYS CREW,13,12,0,No,V03,B001,48
4692310034,OATMEAL L HARRYS CREW,15,2,21,No,V03,B001,97
4692310035,OATMEAL XL HARRYS CREW,10,2,12,No,V03,B001,74
4692310042,BLACK S HARRYS CREW,1,28,0,No,V03,B001,23
4692310044,BLACK L HARRYS CREW,9,5,0,No,V03,B001,52
4692310045,BLACK XL HARRYS CREW,2,5,0,No,V03,B001,19
4692310046,BLACK XXL HARRYS CREW,2,3,0,No,V03,B001,90
4692310263,Navy M Harry's Tie-Dye Crew,5,3,0,No,V04,B001,46
4692310264,Navy L Harry's Tie-Dye Crew,4,2,0,No,V04,B001,51
4692310265,Navy XL Harry's Tie-Dye Crew,5,3,0,No,V04,B001,35
4692310266,Navy XXL Harry's Tie-Dye Crew,2,3,0,No,V04,B001,92
4692302461,Urban XS Lilac Harry's Crewneck Sweatshirt,3,0,6,No,V03,B001,18
4692302462,Urban S Lilac Harry's Crewneck Sweatshirt,7,0,15,No,V03,B001,85
4692302463,Urban M Lilac Harry's Crewneck Sweatshirt,9,0,24,No,V03,B001,43
4692302464,Urban L Lilac Harry's Crewneck Sweatshirt,1,0,18,No,V03,B001,36
4692302465,Urban XL Lilac Harry's Crewneck Sweatshirt,5,0,12,No,V03,B001,23
4692302466,Urban XXL Lilac Harry's Crewneck Sweatshirt,2,0,6,No,V03,B001,97
4692302471,Feather XS Pink Harrys Crew,2,1,6,No,V03,B001,62
4692302473,Feather M Pink Harrys Crew,13,-1,24,No,V03,B001,27
4692302474,Feather L Pink Harrys Crew,3,1,18,No,V03,B001,87
4692302475,Feather XL Pink Harrys Crew,5,1,12,No,V03,B001,97
4692304272,Feather S Pink Harrys Crew,8,0,15,No,V03,B001,97
4692310942,White S Harry's Champion Crew,1,27,0,No,V03,B001,88
4692310943,White M Harry's Champion Crew,0,37,0,No,V03,B001,76
4692310944,White L Harry's Champion Crew,7,29,0,No,V03,B001,71
4692310945,White XL Harry's Champion Crew,6,19,0,No,V03,B001,73
4692301022,GRAPHITE S GO UGLY EARLY,1,12,0,No,V04,B001,86
4692301023,GRAPHITE M GO UGLY EARLY,7,3,21,No,V04,B001,16
4692301024,GRAPHITE L GO UGLY EARLY,6,1,27,No,V04,B001,24
4692301025,GRAPHITE XL GO UGLY EARLY,1,-1,21,No,V04,B001,76
4692301032,OXFORD S GO UGLY EARLY,1,21,0,No,V04,B001,70
4692301033,OXFORD M GO UGLY EARLY,4,13,0,No,V04,B001,44
4692301034,OXFORD L GO UGLY EARLY,8,7,0,No,V04,B001,78
4692301035,OXFORD XL GO UGLY EARLY,3,12,0,No,V04,B001,96
4692301036,OXFORD XXL GO UGLY EARLY,3,6,0,No,V04,B001,29
4692301043,ASH M GO UGLY EARLY,7,2,0,No,V04,B001,66
4692301044,ASH L GO UGLY EARLY,12,7,0,No,V04,B001,59
4692301045,ASH XL GO UGLY EARLY,6,10,0,No,V04,B001,87
4692301046,ASH XXL GO UGLY EARLY,2,7,0,No,V04,B001,69
4692301052,BLACK S GO UGLY EARLY,3,25,0,No,V04,B001,82
4692301053,BLACK M GO UGLY EARLY,3,1,0,No,V04,B001,18
4692301054,BLACK L GO UGLY EARLY,9,8,0,No,V04,B001,85
4692301055,BLACK XL GO UGLY EARLY,4,8,0,No,V04,B001,45
4692301056,BLACK XXL GO UGLY EARLY,4,4,0,No,V04,B001,56
4692301072,ICE BLUE S CC GO UGLY EARLY,7,4,12,No,V04,B001,60
4692301073,ICE BLUE M CC GO UGLY EARLY,13,1,18,No,V04,B001,33
4692301074,ICE BLUE L CC GO UGLY EARLY,4,1,24,No,V04,B001,77
4692301075,ICE BLUE XL CC GO UGLY EARLY,1,0,15,No,V04,B001,15
4692301076,ICE BLUE XXL CC GO UGLY EARLY,6,0,6,No,V04,B001,39
4692301142,NAVY S GO UGLY EARLY,1,21,0,No,V04,B001,93
4692301143,NAVY M GO UGLY EARLY,5,7,0,No,V04,B001,41
4692301144,NAVY L GO UGLY EARLY,5,16,0,No,V04,B001,93
4692301145,NAVY XL GO UGLY EARLY,4,8,0,No,V04,B001,97
4692301146,NAVY XXL GO UGLY EARLY,4,0,0,No,V04,B001,68
4692301164,L HARRYS WALL,4,6,0,No,V04,B001,41
4692301165,XL HARRYS WALL,3,4,0,No,V04,B001,31
4692301166,XXL HARRYS WALL,2,4,0,No,V04,B001,29
4692301202,SALMON S SS CC GO UGLY EARLY,2,-2,6,No,V04,B001,74
4692301292,OATMEAL S PREMIUM CHEER HARRYS,2,22,0,No,V03,B001,27
4692301293,OATMEAL M PREMIUM CHEER HARRYS,5,32,0,No,V03,B001,57
4692301294,OATMEAL L PREMIUM CHEER HARRYS,16,7,0,No,V03,B001,91
4692301295,OATMEAL XL PREMIUM CHEER HARRYS,6,9,0,No,V03,B001,56
4692301296,OATMEAL XXL PREMIUM CHEER HARRYS,7,10,0,No,V03,B001,90
4692301433,Tie Dye M Harry's T-Shirt,5,12,0,No,V04,B001,15
4692301434,Tie Dye L Harry's T-Shirt,3,16,0,No,V04,B001,37
4692301435,Tie Dye XL Harry's T-Shirt,1,5,0,No,V04,B001,44
4692301436,Tie Dye XXL Harry's T-Shirt,2,11,0,No,V04,B001,49
4692301442,Turquoise S Harry's Tiedye,5,3,3,No,V04,B001,34
4692301443,Turquoise M Harry's Tiedye,10,-2,18,No,V04,B001,40
4692301444,Turquoise L Harry's Tiedye,11,4,21,No,V04,B001,95
4692301445,Turquoise XL Harry's Tiedye,2,3,15,No,V04,B001,78
4692301446,Turquoise XXL Harry's Tiedye,1,-1,9,No,V04,B001,61
4692301472,Navy S Harry's Ringer,2,7,6,No,V04,B001,84
4692301473,Navy M Harry's Ringer,7,1,12,No,V04,B001,98
4692301474,Navy L Harry's Ringer,7,-9,15,No,V04,B001,87
4692301475,Navy XL Harry's Ringer,3,9,9,No,V04,B001,23
4692301542,Oxford S Harry's Alumni T-Shirt,1,1,0,No,V04,B001,92
4692301545,Oxford XL Harry's Alumni T-Shirt,1,0,0,No,V04,B001,40
4692301546,Oxford XXL Harry's Alumni T-Shirt,2,1,0,No,V04,B001,63
4692301552,Blue S Heather Harry's Bear T-Shirt,6,4,0,No,V04,B001,78
4692301553,Blue M Heather Harry's Bear T-Shirt,4,10,0,No,V04,B001,31
4692301554,Blue L Heather Harry's Bear T-Shirt,19,-1,0,No,V04,B001,38
4692301555,Blue XL Heather Harry's Bear T-Shirt,7,5,0,No,V04,B001,46
4692301556,Blue XXL Heather Harry's Bear T-Shirt,6,1,0,No,V04,B001,71
4692301557,Blue XXXL Heather Harry's Bear T-Shirt,2,1,0,No,V04,B001,81
4692301564,Navy L Harry's Foaming Pint,5,12,0,No,V04,B001,61
4692301565,Navy XL Harry's Foaming Pint,3,6,0,No,V04,B001,55
4692301566,Navy XXL Harry's Foaming Pint,1,5,0,No,V04,B001,53
4692301593,Green M Harry's Tiedye T-shirt,2,1,15,No,V04,B001,38
4692301643,VEGAS GOLD M PILSNER SS GO UGLY EARLY,1,2,0,No,V04,B001,89
4692301646,VEGAS GOLD XXL PILSNER SS GO UGLY EARLY,1,0,0,No,V04,B001,45
4692301702,NEON CORAL S SS CC HARRY'S CHOCOLATE SHOP,2,-2,0,No,V04,B001,100
4692301703,NEON CORAL M SS CC HARRY'S CHOCOLATE SHOP,4,-3,0,No,V04,B001,18
4692301704,NEON CORAL L SS CC HARRY'S CHOCOLATE SHOP,2,4,0,No,V04,B001,31
4692301712,SEAFOAM S SS CC HARRY'S CHOCOLATE SHOP,2,2,12,No,V04,B001,68
4692301713,SEAFOAM M SS CC HARRY'S CHOCOLATE SHOP,8,1,15,No,V04,B001,97
4692301714,SEAFOAM L SS CC HARRY'S CHOCOLATE SHOP,4,0,18,No,V04,B001,26
4692301715,SEAFOAM XL SS CC HARRY'S CHOCOLATE SHOP,4,0,12,No,V04,B001,39
4692301716,SEAFOAM XXL SS CC HARRY'S CHOCOLATE SHOP,1,0,6,No,V04,B001,65
4692301722,AMETHYST SS CC S HARRY'S CHOCOLATE SHOP,8,7,0,No,V04,B001,94
4692301723,AMETHYST SS CC M HARRY'S CHOCOLATE SHOP,12,1,0,No,V04,B001,24
4692301724,AMETHYST SS CC L HARRY'S CHOCOLATE SHOP,10,5,0,No,V04,B001,80
4692301725,AMETHYST SS XL CC HARRY'S CHOCOLATE SHOP,8,1,0,No,V04,B001,60
4692301726,AMETHYST SS CC XXL HARRY'S CHOCOLATE SHOP,2,1,0,No,V04,B001,56
4692301732,PARCH T S SS CC HARRY'S CHOCOLATE SHOP,4,7,0,No,V04,B001,70
4692301733,PARCH T M SS CC HARRY'S CHOCOLATE SHOP,10,0,0,No,V04,B001,68
4692301734,PARCH T L SS CC HARRY'S CHOCOLATE SHOP,11,1,0,No,V04,B001,70
4692301735,PARCH T XL SS CC HARRY'S CHOCOLATE SHOP,5,5,0,No,V04,B001,38
4692301736,PARCH T XXL SS CC HARRY'S CHOCOLATE SHOP,1,9,0,No,V04,B001,31
4692301772,Black S Harry's Circle R shirt,2,115,12,No,V04,B001,32
4692301773,Black M Harry's Circle R shirt,7,93,39,No,V04,B001,74
4692301774,Black L Harry's Circle R shirt,7,75,51,No,V04,B001,89
4692301775,Black XL Harry's Circle R shirt,10,85,33,No,V04,B001,25
4692301776,Black XXL Harry's Circle R shirt,2,100,9,No,V04,B001,94
4692301911,Antique XS Denim Harry's Colorful Crop,1,4,0,No,V04,B001,47
4692301912,Antique S Denim Harry's Colorful Crop,1,9,0,No,V04,B001,29
4692301913,Antique M Denim Harry's Colorful Crop,1,13,0,No,V04,B001,73
4692301914,Antique L Denim Harry's Colorful Crop,1,17,0,No,V04,B001,92
4692301915,Antique XL Denim Harry's Colorful Crop,1,7,0,No,V04,B001,24
75025899831,Palm Leaf Clickerskin,5,7,0,No,V05,B001,81
79357303292,Orange ClickerSkin,1,11,0,No,V05,B001,31
79357303296,Black Clickerskin,11,13,0,No,V05,B001,36
79357322976,Blue/Black Swirl ClickerSkin,1,11,0,No,V05,B001,22
4046999913,POSTCARD,1,"-1,003.00",0,No,V05,B001,19
7357710414,"RULER 6"" STAINLESS",13,54,0,No,V05,B001,1
7357710416,"RULER 15\"" STAINLESS",5,3,0,No,V05,B001,1.5
7925213018,"RULER 18\"" STAINLESS",21,20,55,No,V05,B001,2
8835900009,"RULER 6\"" INCH/METRIC CLEAR",19,46,18,No,V05,B001,1
8835900017,"RULER 12\"" INCH/MET 36",6,48,0,No,V05,B001,1
8835900965,"SCALE 12\"" ARCH COLOR CODED",9,21,0,No,V05,B001,2
8835900967,"SCALE 12\"" ENGR COLOR CODED",8,16,0,No,V05,B001,3
8835900981,"PROTRACTOR RULER 6\"" INCH/METRIC",1,5,0,No,V05,B001,2
